<?xml version="1.0" encoding="UTF-8" ?>
<beans xmlns="http://www.springframework.org/schema/beans"
    xmlns:xsi="http://www.w3.org/2001/XMLSchema-instance"
     xsi:schemaLocation="http://www.springframework.org/schema/beans 
 http://www.springframework.org/schema/beans/spring-beans-2.5.xsd ">
 
    <bean class="org.springframework.beans.factory.annotation.
        AutowiredAnnotationBeanPostProcessor"/> 
    <bean id="office" class="test.office">
    <property name="officeId" value="001"/>
    </bean>
    <bean id="boss" class="test.boss">
    <property name="car" ref="car"></property>
    <property name="office" ref="office"></property>
    </bean>
</beans>